Index,Sylheti (Romanized),Sylheti (Bangla Script),Bangla (Standard),English (Standard),Syloti Nagri (ꠍꠤꠟꠐꠤ ꠘꠣꠉꠞꠤ),Russian (Русский),German (Deutsch),Domain,Register
1.1,Ami okhon zaimugi,আমি অখন যাইমুগি,আমি এখন চলে যাব।,I will leave now.,ꠀꠝꠤ ꠅꠈꠘ ꠎꠣꠁꠝꠥꠉꠤ,Я сейчас уйду.,Ich gehe jetzt.,Daily Life,Informal
1.2,Ami one zaimugi,আমি অনে যাইমুগি,আমি এখন চলে যাব।,I will leave now.,ꠀꠝꠤ ꠅꠘꠦ ꠎꠣꠁꠝꠥꠉꠤ,Я сейчас уйду.,Ich gehe jetzt.,Daily Life,Informal
1.3,Ami akhon zaimuga,আমি আখন যাইমুগা,আমি এখন চলে যাব।,I will leave now.,ꠀꠝꠤ ꠀꠈꠘ ꠎꠣꠁꠝꠥꠉꠣ,Я сейчас уйду.,Ich gehe jetzt.,Daily Life,Informal
2.1,Tumi bhalo aso ni?,তুমি ভালো আছো নি?,তুমি কেমন আছো?,How are you?,ꠔꠥꠝꠤ ꠜꠣꠟꠣ ꠀꠧ ꠘꠤ?,Как дела?,Wie geht es dir?,Greeting,Standard
2.2,Tui vala ni be?,তুই ভালা‌ নি বে?,তুই কি ভালো আছিস?,Are you doing well?,ꠔꠥꠁ ꠜꠣꠟꠣ ꠘꠤ ꠛꠦ?,Как ты?,Wie geht's dir?,Greeting,Very Informal / Slang
2.3,Afne vala asoin ni?,আফনে ভালা আসইন নি?,আপনি কি ভালো আছেন?,How are you?,ꠀꠚꠘꠦ ꠜꠣꠟꠣ ꠀꠁ ꠘꠤ?,Как вы? / Как ваши дела?,Wie geht es Ihnen?,Greeting,Formal / Respectful
3.1,Tar nam kita?,তার নাম কিতা?,তার নাম কী?,What is their name?,ꠔꠣꠞ ꠘꠣꠝ ꠇꠤꠔꠣ?,Как его/её зовут?,Wie heißt er/sie?,Inquiry,Standard
3.2,Tar nam kita be?,তার নাম কিতা বে?,তার নাম কী যেন?,What's his/her name?,ꠔꠣꠞ ꠘꠣꠝ ꠇꠤꠔꠣ ꠛꠦ?,Как его/её там зовут?,Wie heißt er/sie nochmal?,Inquiry,Very Informal / Slang
3.3,Tainor nam kita ba?,টাইনর নাম কিতা বা?,তাঁর নাম কী?,What is his/her name?,ꠔꠣꠁꠘꠞ ꠘꠣꠝ ꠇꠤꠔꠣ ꠛꠣ?,Как его/её зовут?,Wie ist sein/ihr Name?,Inquiry,Formal / Respectful
4.1,Kita ze khortam!,কিতা যে করতাম!,কী যে করি! / কী যে করব!,What should I even do!,ꠇꠤꠔꠣ ꠎꠦ ꠈꠞꠔꠣꠝ!,Что же мне делать!,Was soll ich bloß tun!,Expression,Casual / Exclamatory
5.1,Tarar loge nizereo pak-saf korla,তারার লগে নিজরেও পাক-ছাফ করলা,তাঁদের সাথে নিজেকেও পাক-পবিত্র করলেন।,They purified themselves too.,ꠔꠣꠞꠣꠞ ꠟꠉꠦ ꠘꠤꠎꠞꠦꠅ ꠙꠣꠇ-ꠍꠣꠚ ꠇꠞꠟꠣ,Они тоже очистили себя.,Sie haben sich auch gereinigt.,Religion,Standard/Written
5.2,Tarar loge nizereo fax-saf xorla,তারার লগে নিজরেও ফআখ-ছাফ খরলা,তাঁদের সাথে নিজেকেও পাক-পবিত্র করলেন।,They purified themselves too.,ꠔꠣꠞꠣꠞ ꠟꠉꠦ ꠘꠤꠎꠞꠦꠅ ꠚꠣꠈ-ꠍꠣꠚ ꠈꠞꠟꠣ,Они тоже очистили себя.,Sie haben sich auch gereinigt.,Religion,Colloquial/Spoken
6.1,Amar kan betha khorer,আমার কান বেথা খরের,আমার কান ব্যথা করছে।,My ear is hurting.,ꠀꠝꠣꠞ ꠇꠣꠘ ꠛꠦꠕꠣ ꠈꠞꠦꠞ,У меня болит ухо.,Mein Ohr tut weh.,Health,Standard/Written
6.2,Amar xan betha xorer,আমার খান বেথা খরের,আমার কান ব্যথা করছে।,My ear is hurting.,ꠀꠝꠣꠞ ꠈꠣꠘ ꠛꠦꠕꠣ ꠈꠞꠦꠞ,У меня болит ухо.,Mein Ohr tut weh.,Health,Colloquial/Spoken
7.1,Cor-gu palai gese,চোরগু পালাই গেছে,চোরটা পালিয়েছে।,The thief has escaped.,ꠌꠧꠞꠉꠥ ꠙꠣꠟꠣꠁ ꠉꠦꠍꠦ,Вор сбежал.,Der Dieb ist entkommen.,Daily Life,Standard/Written
7.2,Sur-gu falai gese,চুরগু ফালাই গেছে,চোরটা পালিয়েছে।,The thief has escaped.,ꠍꠥꠞꠉꠥ ꠚꠣꠟꠣꠁ ꠉꠦꠍꠦ,Вор сбежал.,Der Dieb ist entkommen.,Daily Life,Colloquial/Spoken
8.1,Tai pagol oigese,তাই পাগল অইগেছে,সে পাগল হয়ে গেছে।,He has gone mad.,ꠔꠣꠁ ꠙꠣꠉꠟ ꠅꠁꠉꠦꠍꠦ,Он сошел с ума.,Er ist verrückt geworden.,Expression,Standard/Written
8.2,Tai fagol oigese,তাই ফাগল অইগেছে,সে পাগল হয়ে গেছে।,He has gone mad.,ꠔꠣꠁ ꠚꠣꠉꠟ ꠅꠁꠉꠦꠍꠦ,Он сошел с ума.,Er ist verrückt geworden.,Expression,Colloquial/Spoken
9.1,Gas taki phol porlo,গাছ থাকি ফল পড়লো,গাছ থেকে ফল পড়ল।,The fruit fell from the tree.,ꠉꠣꠍ ꠕꠣꠇꠤ ꠚꠟ ꠙꠠꠟꠧ,Фрукт упал с дерева.,Die Frucht fiel vom Baum.,Nature,Standard/Written
9.2,Gas taxi fol forlo,গাছ তাকি ফল ফড়লো,গাছ থেকে ফল পড়ল।,The fruit fell from the tree.,ꠉꠣꠍ ꠔꠣꠇꠤ ꠚꠟ ꠚꠠꠟꠧ,Фрукт упал с дерева.,Die Frucht fiel vom Baum.,Nature,Colloquial/Spoken
10.1,Boro tuphan aier,বড় তুফান আইয়ের,বড় ঝড় আসছে।,A heavy storm is coming.,ꠛꠠ ꠔꠥꠚꠣꠘ ꠀꠁꠄꠞ,Надвигается сильный шторм.,Ein schwerer Sturm zieht auf.,Weather,Standard/Written
10.2,Boro tuan aier,বড় তুআন আইয়ের,বড় ঝড় আসছে।,A heavy storm is coming.,ꠛꠠ ꠔꠥꠀꠘ ꠀꠁꠄꠞ,Надвигается сильный шторм.,Ein schwerer Sturm zieht auf.,Weather,Colloquial/Spoken
11.1,Tumi kapor zaiso ni?,তুমি কাপড় ধুইছো নি?,তুমি কি কাপড় ধুয়েছো?,Have you washed the clothes?,ꠔꠥꠝꠤ ꠇꠣꠙꠠ ꠗꠥꠁꠍꠧ ꠘꠤ?,Ты постирал одежду?,Hast du die Kleidung gewaschen?,Daily Life,Standard/Written
11.2,Tumi xafor zaiso ni?,তুমি খাফর ধুইছো নি?,তুমি কি কাপড় ধুয়েছো?,Have you washed the clothes?,ꠔꠥꠝꠤ ꠈꠣꠚꠠ ꠗꠥꠁꠍꠧ ꠘꠤ?,Ты постирал одежду?,Hast du die Kleidung gewaschen?,Daily Life,Colloquial/Spoken
12.1,Ami bhat khairam,আমি ভাত খাইরাম,আমি ভাত খাচ্ছি।,I am eating rice.,ꠀꠝꠤ ꠜꠣꠔ ꠈꠣꠁꠞꠣꠝ,Я ем рис.,Ich esse Reis.,Daily Life,Informal
13.1,"Ikano ao, zoldi","ইকানো আও, জলদি","এখানে এসো, তাড়াতাড়ি","Come here, quickly","ꠁꠇꠣꠘꠧ ꠀꠅ, ꠎꠟꠖꠤ","Иди сюда, быстро","Komm her, schnell",Daily Life,Standard/Written
13.2,"Ixano ao, zoldi","ইখানো আও, জলদি","এখানে এসো, তাড়াতাড়ি","Come here, quickly","ꠁꠈꠣꠘꠧ ꠀꠅ, ꠎꠟꠖꠤ","Иди сюда, быстро","Komm her, schnell",Daily Life,Colloquial/Spoken
14.1,He bazar-o zaibo,হে বাজার-ও যাইবো,সে বাজারে যাবে।,He will go to the market.,ꠢꠦ ꠛꠣꠎꠣꠞ-ꠅ ꠎꠣꠁꠛꠧ,Он пойдет на рынок.,Er wird auf den Markt gehen.,Daily Life,Informal
15.1,"Amare tura pani deo, ba","আমারে তুড়া পানি দেও, বা","আমাকে একটু পানি দাও, ভাই","Give me some water, please","ꠀꠝꠣꠞꠦ ꠔꠥꠠꠣ ꠙꠣꠘꠤ ꠖꠦꠅ, ꠛꠣ","Дай мне немного воды, пожалуйста","Gib mir bitte etwas Wasser",Request,Standard/Written
15.2,"Amare tura fani deo, ba","আমারে তুড়া ফানি দেও, বা","আমাকে একটু পানি দাও, ভাই","Give me some water, please","ꠀꠝꠣꠞꠦ ꠔꠥꠠꠣ ꠚꠣꠘꠤ ꠖꠦꠅ, ꠛꠣ","Дай мне немного воды, пожалуйста","Gib mir bitte etwas Wasser",Request,Colloquial/Spoken
16.1,Aiz bohut gorom,আইজ বহুত গরম,আজ অনেক গরম।,Today is very hot.,ꠀꠁꠎ ꠛꠢꠥꠔ ꠉꠞꠝ,Сегодня очень жарко.,Heute ist es sehr heiß.,Weather,Informal
17.1,Tumi koi taki aiso?,তুমি কই তাকি আইছো?,তুমি কোথা থেকে এসেছো?,Where are you from?,ꠔꠥꠝꠤ ꠇꠂ ꠕꠣꠇꠤ ꠀꠁꠍꠧ?,Откуда ты?,Woher kommst du?,Inquiry,Standard/Written
17.2,Tumi xoi taxi aiso?,তুমি খই তাকি আইছো?,তুমি কোথা থেকে এসেছো?,Where are you from?,ꠔꠥꠝꠤ ꠈꠂ ꠕꠣꠇꠤ ꠀꠁꠍꠧ?,Откуда ты?,Woher kommst du?,Inquiry,Colloquial/Spoken
18.1,Ami kisu zani na,আমি কিছু জানি না,আমি কিছু জানি না,I do not know anything,ꠀꠝꠤ ꠇꠤꠍꠥ ꠎꠣꠘꠤ ꠘꠣ,Я ничего не знаю,Ich weiß nichts,Daily Life,Standard/Written
18.2,Ami xisu zani na,আমি খিসু জানি না,আমি কিছু জানি না,I do not know anything,ꠀꠝꠤ ꠈꠤꠍꠥ ꠎꠣꠘꠤ ꠘꠣ,Я ничего не знаю,Ich weiß nichts,Daily Life,Colloquial/Spoken
19.1,Pua-gu bohut vala,পুয়া-গু বহুত ভালা,ছেলেটি অনেক ভালো,The boy is very good,ꠙꠥꠀ-ꠉꠥ ꠛꠢꠥꠔ ꠜꠣꠟꠣ,Мальчик очень хороший,Der Junge ist sehr gut,Description,Standard/Written
19.2,Fua-gu bohut vala,ফুয়া-গু বহুত ভালা,ছেলেটি অনেক ভালো,The boy is very good,ꠚꠥꠀ-ꠉꠥ ꠛꠢꠥꠔ ꠜꠣꠟꠣ,Мальчик очень хороший,Der Junge ist sehr gut,Description,Colloquial/Spoken
20.1,"Tai, oile, aizku aiyse na","তাই, অইলে, আইজকু আইছে না","সে, তবে, আজ আসেনি","She, however, did not come today","ꠔꠣꠁ, ꠅꠁꠟꠦ, ꠀꠁꠎꠇꠥ ꠀꠁꠍꠦ ꠘꠣ","Она, однако, сегодня не пришла","Sie ist heute jedoch nicht gekommen",Statement,Informal
21.1,Tumi amar kotha hunrai ni?,তুমি আমার কথা হুনরায় নি?,তুমি কি আমার কথা শুনছো?,Are you listening to me?,ꠔꠥꠝꠤ ꠀꠝꠣꠞ ꠇꠕꠣ ꠢꠥꠘꠞꠣꠁ ꠘꠤ?,Ты меня слушаешь?,Hörst du mir zu?,Inquiry,Standard/Written
21.2,Tumi amar xotha hunrai ni?,তুমি আমার খথা হুনরায় নি?,তুমি কি আমার কথা শুনছো?,Are you listening to me?,ꠔꠥꠝꠤ ꠀꠝꠣꠞ ꠈꠕꠣ ꠢꠥꠘꠞꠣꠁ ꠘꠤ?,Ты меня слушаешь?,Hörst du mir zu?,Inquiry,Colloquial/Spoken
22.1,Puri-e boi porer,পুরিয়ে বই পড়ের,মেয়েটি বই পড়ছে,The girl is reading a book,ꠙꠥꠞꠤꠄ ꠛꠂ ꠙꠠꠦꠞ,Девочка читает книгу,Das Mädchen liest ein Buch,Education,Standard/Written
22.2,Furi-e boi forer,ফুরিয়ে বই ফড়ের,মেয়েটি বই পড়ছে,The girl is reading a book,ꠚꠥꠞꠤꠄ ꠛꠂ ꠚꠠꠦꠞ,Девочка читает книгу,Das Mädchen liest ein Buch,Education,Colloquial/Spoken
23.1,Amra ekloge zaimu,আমরা একলগে যাইমু,আমরা একসাথে যাবো,We will go together,ꠀꠝꠞꠣ ꠄꠇꠟꠉꠦ ꠎꠣꠁꠝꠥ,Мы пойдем вместе,Wir werden zusammen gehen,Daily Life,Informal
24.1,Amar pet betha korer,আমার পেট বেথা করের,আমার পেট ব্যথা করছে,My stomach is hurting,ꠀꠝꠣꠞ ꠙꠦꠐ ꠛꠦꠕꠣ ꠇꠞꠦꠞ,У меня болит живот,Mein Bauch tut weh,Health,Standard/Written
24.2,Amar fet betha xorer,আমার ফেট বেথা খরের,আমাদের পেট ব্যথা করছে,My stomach is hurting,ꠀꠝꠣꠞ ꠚꠦꠐ ꠛꠦꠕꠣ ꠈꠞꠦꠞ,У меня болит живот,Mein Bauch tut weh,Health,Colloquial/Spoken
25.1,Baire bohut zore meg deer,বাইরে বহুত জোরে মেঘ দের,বাইরে খুব জোরে বৃষ্টি হচ্ছে,It is raining heavily outside,ꠛꠣꠁꠞꠦ ꠛꠢꠥꠔ ꠎꠥꠞꠦ ꠝꠦꠉ ꠖꠦꠞ,На улице идет сильный дождь,Es regnet draußen stark,Weather,Informal
26.1,"Kita koiso, bhai?","কিতা কইছো, ভাই?","কী বলেছো, ভাই?","What did you say, brother?","ꠇꠤꠔꠣ ꠇꠁꠍꠧ, ꠜꠣꠁ?","Что ты сказал, брат?","Was hast du gesagt, Bruder?",Inquiry,Standard/Written
26.2,"Kita xoiso, bhai?","কিতা খইছো, ভাই?","কী বলেছো, ভাই?","What did you say, brother?","ꠇꠤꠔꠣ ꠈꠁꠍꠧ, ꠜꠣꠁ?","Что ты сказал, брат?","Was hast du gesagt, Bruder?",Inquiry,Colloquial/Spoken
27.1,Ami aizku khaitam nay,আমি আইজকু খাইতাম নায়,আমি আজ খাবো না,I will not eat today,ꠀꠝꠤ ꠀꠁꠎꠇꠥ ꠈꠣꠁꠔꠣꠝ ꠘꠣꠄ,Я сегодня не буду есть,Ich werde heute nicht essen,Daily Life,Informal
28.1,"Kun shomoy aiba, dosto?","কুন সময় আইবা, দোস্ত?","কখন আসবে, বন্ধু?","When will you come, friend?","ꠇꠥꠘ ꠡꠝꠄ ꠀꠁꠛꠣ, ꠖꠥꠍꠔꠧ?","Когда ты придешь, друг?","Wann kommst du, Freund?",Inquiry,Informal
